id,title,text,date,source,url,author,topic
news_0,Live: ASX to open slightly down as markets continue to digest federal budget,Live: ASX to open slightly down as markets continue to digest federal budget The ASX 200 is expected to open slightly down as markets make sense of the federal budget. Follow the day's events and insights from our business reporters on the ABC News live markets blog.,2026-05-13,ABC News (AU),https://www.abc.net.au/news/2026-05-14/asx-markets-business-live-news/106677074,Alison Branley,Bitcoin
news_1,Ripple CEO Reveals What It Would Mean For XRP Holders If The Company Went Public,"Ripple CEO Reveals What It Would Mean For XRP Holders If The Company Went Public Ripple and XRP are back in focus after Ripple CEO Brad Garlinghouse addressed what XRP holders could potentially expect if Ripple ever goes public. The discussion, highlighted by reporter James Dula following Garlinghouse’s appearance on the Crypto In America…",2026-05-13,newsBTC,http://www.newsbtc.com/analysis/xrp/ripple-ceo-xrp-holders-public/,Sandra White,Bitcoin
news_2,Bitcoin’s Institutional Footprint Expands Exponentially Across Markets – Here’s How Much They Hold,"Bitcoin’s Institutional Footprint Expands Exponentially Across Markets – Here’s How Much They Hold At the beginning, Bitcoin, the largest cryptocurrency asset by market cap, was particularly common among retail investors who saw the coin as a speculative asset rather than an actual store of value. However, years later, the cryptocurrency has become a major…",2026-05-13,Bitcoinist,https://bitcoinist.com/bitcoins-institutional-footprint/,Godspower Owie,Bitcoin
news_3,What Is AI Mining in Crypto? Top 5 Best AI Mining Platforms to Earn in 2026,"What Is AI Mining in Crypto? Top 5 Best AI Mining Platforms to Earn in 2026 AI mining crypto refers to mining systems that use automation, predictive models, and data-driven tools to support cryptocurrency mining. Machines still perform the actual work,...
The post What Is AI Mining in Crypto? Top 5 Best AI Mining Platforms to Earn i…",2026-05-13,Bitcoinfoundation.org,https://bitcoinfoundation.org/news/ai/what-is-ai-mining-crypto-top-5-best-ai-mining-platforms-earn-2026/,Ingrid Wolf,Bitcoin
news_4,What Is Venice Token? Why This Underrated AI Coin Is Skyrocketing,"What Is Venice Token? Why This Underrated AI Coin Is Skyrocketing So many traders wonder about Venice Token lately. What exactly is it? Why does its price climb while others stall? Could this overlooked AI-based coin...
The post What Is Venice Token? Why This Underrated AI Coin Is Skyrocketing appeared first on Bitcoin Foun…",2026-05-13,Bitcoinfoundation.org,https://bitcoinfoundation.org/news/altcoins/what-is-venice-token-why-this-underrated-ai-coin-is-skyrocketing/,Yuri Molchan,Bitcoin
news_5,"US stocks today: S&P 500, Nasdaq boosted by chips to record closing highs; hot inflation report kills rate-cut hopes","US stocks today: S&P 500, Nasdaq boosted by chips to record closing highs; hot inflation report kills rate-cut hopes US stocks advanced with the S&P 500 and Nasdaq hitting record closing highs as AI-linked tech and chip stocks powered gains despite hotter inflation data. Producer prices surged, reinforcing expectations of prolonged Fed tightening. Markets also tracked Trump…",2026-05-13,The Times of India,https://economictimes.indiatimes.com/markets/us-stocks/news/us-stocks-today-sp-500-nasdaq-boosted-by-chips-to-record-closing-highs-hot-inflation-report-kills-rate-cut-hopes/articleshow/131076710.cms,Reuters,Bitcoin
news_6,Is Litecoin Dead? Why Traders Are Losing Confidence in LTC in 2026,"Is Litecoin Dead? Why Traders Are Losing Confidence in LTC in 2026 Litecoin still exists. Plain truth, that one. Trickier part hits different though – by 2026, activity inside its network shows signs of life, yet outside...
The post Is Litecoin Dead? Why Traders Are Losing Confidence in LTC in 2026 appeared first on Bitcoin …",2026-05-13,Bitcoinfoundation.org,https://bitcoinfoundation.org/news/altcoins/why-traders-are-losing-confidence-in-ltc-in-2026/,Yuri Molchan,Bitcoin
news_7,US President Trump says ceasefire with Iran is ‘on life support’,"US President Trump says ceasefire with Iran is ‘on life support’ The potential collapse of the US-Iran ceasefire could destabilize global markets, elevate geopolitical tensions, and impact energy security.
The post US President Trump says ceasefire with Iran is ‘on life support’ appeared first on Crypto Briefing.",2026-05-13,Crypto Briefing,https://cryptobriefing.com/trump-iran-ceasefire-life-support-2/,Editorial Team,Bitcoin
news_8,"Ray Dalio critiques Bitcoin’s safe-haven status, favors gold","Ray Dalio critiques Bitcoin’s safe-haven status, favors gold Dalio's critique highlights Bitcoin's volatility and transparency issues, potentially limiting its adoption as a reserve asset by central banks.
The post Ray Dalio critiques Bitcoin’s safe-haven status, favors gold appeared first on Crypto Briefing.",2026-05-13,Crypto Briefing,https://cryptobriefing.com/ray-dalio-critiques-bitcoin-safe-haven-gold/,Editorial Team,Bitcoin
news_9,Why Do Commenters Want to Silence Sonny White?,Why Do Commenters Want to Silence Sonny White? Sonny White (Harold G. “Sonny” White) has solid credentials as a NASA veteran but is viewed as a highly speculative researcher in the broader scientific community. His work on advanced propulsion (especially warp drive concepts) generates excitement in enthus…,2026-05-13,Next Big Future,https://www.nextbigfuture.com/2026/05/why-do-commenters-want-to-silence-sonny-white.html,Brian Wang,Bitcoin
news_10,Whale shorts $70M in crypto and tech: Should Bitcoin traders worry?,"Whale shorts $70M in crypto and tech: Should Bitcoin traders worry? Despite short-term bearish bets from a successful Hyperliquid whale, a growing US Fed balance sheet and rising inflation support Bitcoin in the long term.",2026-05-13,Cointelegraph,https://cointelegraph.com/markets/whale-shorts-70m-in-crypto-tech-should-bitcoin-traders-worry,Cointelegraph by Marcel Pechman,Bitcoin
news_11,Crypto-Friendly Kevin Warsh Confirmed as Fed Chair to Replace Jerome Powell,"Crypto-Friendly Kevin Warsh Confirmed as Fed Chair to Replace Jerome Powell Kevin Warsh, President Donald Trump's pick to lead the Federal Reserve, was confirmed as its new chair Wednesday to replace Jerome Powell.",2026-05-13,Decrypt,https://decrypt.co/367784/crypto-friendly-kevin-warsh-confirmed-fed-chair-replace-jerome-powell,André Beganski,Bitcoin
news_12,UK government bonds and sterling fall as pressure on Starmer rises,"UK government bonds and sterling fall as pressure on Starmer rises Political instability in the UK could lead to prolonged market volatility, affecting investor confidence and economic stability.
The post UK government bonds and sterling fall as pressure on Starmer rises appeared first on Crypto Briefing.",2026-05-13,Crypto Briefing,https://cryptobriefing.com/uk-bonds-sterling-fall-starmer-pressure/,Editorial Team,Bitcoin
news_13,The 3 Bitcoin Rules That Tell When The Bear Market Is Fully Over,"The 3 Bitcoin Rules That Tell When The Bear Market Is Fully Over Crypto analyst Bee has outlined three Bitcoin rules that provide insights into when the bear market is likely to end. This comes as BTC struggles again to hold above the psychological $80,000, with experts predicting another imminent decline.  Bitcoin Bear Ma…",2026-05-13,Bitcoinist,https://bitcoinist.com/the-3-bitcoin-rules/,Scott Matherson,Bitcoin
news_14,The crypto Clarity Act returns to the Senate this week. The banks are already trying to kill it.,"The crypto Clarity Act returns to the Senate this week. The banks are already trying to kill it. Hello and welcome to Regulator, the newsletter for Verge subscribers that goes into tech shenanigans that take place in the backrooms of Washington. Really, it sometimes does feel like the online series The Backrooms: a parallel universe with no internal logi…",2026-05-13,The Verge,https://www.theverge.com/column/929752/the-crypto-clarity-act-returns-to-the-senate-this-week-the-banks-are-already-trying-to-kill-it,Tina Nguyen,Bitcoin
news_15,Ethereum app builder Consensys has delayed its potential IPO until fall,Ethereum app builder Consensys has delayed its potential IPO until fall The MetaMask wallet builder had reportedly engaged bankers from JPMorgan and Goldman Sachs to lead the process.,2026-05-13,CoinDesk,https://www.coindesk.com/business/2026/05/13/ethereum-app-builder-consensys-has-delayed-its-potential-ipo-until-fall,"Ian Allison, Will Canny",Bitcoin
news_16,Grayscale files to launch first spot ETF for Zcash privacy coin,"Grayscale files to launch first spot ETF for Zcash privacy coin Grayscale's move could redefine privacy coin investments, challenging regulatory norms and potentially broadening crypto market participation.
The post Grayscale files to launch first spot ETF for Zcash privacy coin appeared first on Crypto Briefing.",2026-05-13,Crypto Briefing,https://cryptobriefing.com/grayscale-zcash-spot-etf-filing/,Editorial Team,Bitcoin
news_17,Bitcoin traders expect ‘fast move’ to $90K following CLARITY Act vote,Bitcoin traders expect ‘fast move’ to $90K following CLARITY Act vote Bitcoin traders eye a possible move higher as short-term selling pressure fades and the CLARITY Act vote boosts crypto market focus.,2026-05-13,Cointelegraph,https://cointelegraph.com/markets/bitcoin-traders-expect-fast-move-90k-following-clarity-act-vote,Cointelegraph by Biraajmaan Tamuly,Bitcoin
news_18,"Global financial crisis fears grow as bond yields hit 1998 levels and Bitcoin drops below $80,000","Global financial crisis fears grow as bond yields hit 1998 levels and Bitcoin drops below $80,000 Sovereign curves are back near old stress zones while Hormuz inflation risk keeps central banks boxed in.
The post Global financial crisis fears grow as bond yields hit 1998 levels and Bitcoin drops below $80,000 appeared first on CryptoSlate.",2026-05-13,CryptoSlate,https://cryptoslate.com/global-financial-crisis-bond-yields-bitcoin/,Liam 'Akiba' Wright,Bitcoin
news_19,The Bitcoin Society halts plans to build crypto treasury after brutal Q1,"The Bitcoin Society halts plans to build crypto treasury after brutal Q1 The halt highlights the challenges smaller firms face in emulating large-scale Bitcoin strategies, emphasizing the need for robust capital access.
The post The Bitcoin Society halts plans to build crypto treasury after brutal Q1 appeared first on Crypto Brief…",2026-05-13,Crypto Briefing,https://cryptobriefing.com/bitcoin-society-halts-crypto-treasury/,Editorial Team,Bitcoin
news_20,Ethena price: ENA dips despite 5-week peak in whale activity,"Ethena price: ENA dips despite 5-week peak in whale activity Ethena’s native token, ENA, saw its price decline as Bitcoin slid below $79,000 The slight dip happened despite ENA notching a 5-week high in whale activity. Prices could fall further, but a rebound for BTC could boost ENA. Ethena (ENA) price faced downward p…",2026-05-13,Coinjournal.net,https://coinjournal.net/news/ethena-price-ena-dips-despite-5-week-peak-in-whale-activity/,Benson Toti,Bitcoin
news_21,"Price predictions 5/13: BTC, ETH, BNB, XRP, SOL, DOGE, HYPE, ADA, ZEC, BCH","Price predictions 5/13: BTC, ETH, BNB, XRP, SOL, DOGE, HYPE, ADA, ZEC, BCH Bitcoin’s break below $79,000 may deepen the pullback, which could intensify the selling in several major altcoins.",2026-05-13,Cointelegraph,https://cointelegraph.com/markets/price-predictions-513-btc-eth-bnb-xrp-sol-doge-hype-ada-zec-bch,Cointelegraph by Rakesh Upadhyay,Bitcoin
news_22,"Bitcoin Just Entered A Deceptive Territory, Here’s What You Should Know","Bitcoin Just Entered A Deceptive Territory, Here’s What You Should Know Bitcoin’s recent price behavior has been everything the bulls hoped for, and that may be precisely the problem. Since bottoming out around $63,000 in early April, Bitcoin has posted a sequence of higher highs and higher lows and has now reclaimed $80,000. The…",2026-05-13,newsBTC,http://www.newsbtc.com/news/bitcoin/bitcoin-deceptive-territory/,Sandra White,Bitcoin
news_23,"Analyst Says Ethereum Will Have Its Turn For An Explosive Rally, But Only When Bitcoin Does This","Analyst Says Ethereum Will Have Its Turn For An Explosive Rally, But Only When Bitcoin Does This A new analysis from crypto expert Sykodelic suggests that Ethereum (ETH) could experience a parabolic rally to new highs this year, but only if Bitcoin (BTC) makes a key move. According to the analyst, ETH is already laying the groundwork for this potential s…",2026-05-13,Bitcoinist,https://bitcoinist.com/ethereum-explosive-rally-bitcoin/,Sandra White,Bitcoin
news_24,AriseAlpha Launches Free AI Stock and Crypto Trading Bot: Scalable Automated Trading Solutions Driving the Future of Investing in 2026,AriseAlpha Launches Free AI Stock and Crypto Trading Bot: Scalable Automated Trading Solutions Driving the Future of Investing in 2026 AriseAlpha Launches Free AI Stock and Crypto Trading Bot: Scalable Automated Trading Solutions Driving the Future of Investing in 2026...,2026-05-13,GlobeNewswire,https://www.globenewswire.com/news-release/2026/05/13/3294347/0/en/AriseAlpha-Launches-Free-AI-Stock-and-Crypto-Trading-Bot-Scalable-Automated-Trading-Solutions-Driving-the-Future-of-Investing-in-2026.html,AriseAlpha,Bitcoin
news_25,"Scott Bessent reaffirms US, Japan coordination on currency moves","Scott Bessent reaffirms US, Japan coordination on currency moves Enhanced US-Japan currency coordination may stabilize forex markets, potentially reducing volatility in risk assets and impacting global investments.
The post Scott Bessent reaffirms US, Japan coordination on currency moves appeared first on Crypto Briefing.",2026-05-13,Crypto Briefing,https://cryptobriefing.com/bessent-japan-currency-coordination-crypto/,Editorial Team,Bitcoin
news_26,"Bank of Japan debates near-term rate hike, eyes June move","Bank of Japan debates near-term rate hike, eyes June move A potential BOJ rate hike could strengthen the yen, impacting global carry trades and creating selling pressure across various risk assets.
The post Bank of Japan debates near-term rate hike, eyes June move appeared first on Crypto Briefing.",2026-05-13,Crypto Briefing,https://cryptobriefing.com/boj-rate-hike-june-debate/,Editorial Team,Bitcoin
news_27,Societe Generale deploys stablecoins on Canton for tokenized finance,"Societe Generale deploys stablecoins on Canton for tokenized finance France's SocGen plans to use its EURCV and USDCV stablecoins for tokenized collateral, repo financing and institutional settlement activity on the Canton blockchain network.",2026-05-13,Cointelegraph,https://cointelegraph.com/news/societe-generale-expands-tokenized-collateral-and-stablecoin-push-on-canton-network,Cointelegraph by Nate Kostar,Bitcoin
news_28,US government asks for $1M forfeiture from ex-Celsius exec ahead of sentencing,"US government asks for $1M forfeiture from ex-Celsius exec ahead of sentencing Former Celsius chief revenue officer Roni Cohen-Pavon, scheduled to be sentenced on Thursday after a guilty plea, agreed to a judgment of $1 million that he obtained as a result of his crimes.",2026-05-13,Cointelegraph,https://cointelegraph.com/news/us-government-forfeiture-celsius-roni-cohen-pavon-sentencing,Cointelegraph by Turner Wright,Bitcoin
news_29,"Bitcoin Firm Metaplanet Posts $725 Million Loss, Delays Preferred Share Offerings","Bitcoin Firm Metaplanet Posts $725 Million Loss, Delays Preferred Share Offerings Metaplanet CEO Simon Gerovich acknowledged that preferred shares unveiled in November have yet to be issued.",2026-05-13,Decrypt,https://decrypt.co/367770/bitcoin-firm-metaplanet-725-million-loss-delays-preferred-share,André Beganski,Bitcoin
news_30,"Bitcoin Firm Metaplanet Posts $725 Million Loss, Delays Preferred Share Offerings","Bitcoin Firm Metaplanet Posts $725 Million Loss, Delays Preferred Share Offerings",2026-05-13,Yahoo Entertainment,https://consent.yahoo.com/v2/collectConsent?sessionId=1_cc-session_6a851b41-1a4a-4eff-abb0-0e8122e7a3f2,,Bitcoin
news_31,River integrates OKX DEX for one-tap swaps to satUSD,"River integrates OKX DEX for one-tap swaps to satUSD River's integration with OKX DEX simplifies DeFi access, potentially increasing user adoption but hinges on OKX's reliability and service continuity.
The post River integrates OKX DEX for one-tap swaps to satUSD appeared first on Crypto Briefing.",2026-05-13,Crypto Briefing,https://cryptobriefing.com/river-okx-dex-satusd-swaps/,Editorial Team,Bitcoin
news_32,Square Reaches 1 Million Bitcoin-Enabled Merchants as Block Pushes BTC Payments,Square Reaches 1 Million Bitcoin-Enabled Merchants as Block Pushes BTC Payments,2026-05-13,Yahoo Entertainment,https://consent.yahoo.com/v2/collectConsent?sessionId=1_cc-session_59767c8b-ed14-4724-a7a0-121756069f3a,,Bitcoin
news_33,Here’s What to Know About Strategy Inc (MSTR)’s Bitcoin Holding,Here’s What to Know About Strategy Inc (MSTR)’s Bitcoin Holding,2026-05-13,Yahoo Entertainment,https://consent.yahoo.com/v2/collectConsent?sessionId=1_cc-session_33d4de4b-d073-4645-9c8f-7746e1c8276d,,Bitcoin
news_34,Why traditional brokers are seeing record inflows from the digital asset community this year,"Why traditional brokers are seeing record inflows from the digital asset community this year Capital is flowing from crypto exchanges to traditional brokers at a record pace in 2026. Here are the factors behind the trend. 
The post Why traditional brokers are seeing record inflows from the digital asset community this year appeared first on Crypto Br…",2026-05-13,Crypto Briefing,https://cryptobriefing.com/blockchain-ads-campaigns-real-time/,Estefano Gomez,Bitcoin
news_35,How Figure is Democratizing Crypto-as-Collateral for Mainstream Users,"How Figure is Democratizing Crypto-as-Collateral for Mainstream Users As digital assets make inroads into the mainstream, crypto lender Figure is helping to turn them into viable collateral for credit.",2026-05-13,Decrypt,https://decrypt.co/366771/how-figure-is-democratizing-crypto-as-collateral-for-mainstream-users,Decrypt Staff,Bitcoin
news_36,Here’s When Bitcoin Could Reach $10 Million Under Power Law Model,"Here’s When Bitcoin Could Reach $10 Million Under Power Law Model Physicist Giovanni Santostasi says Bitcoin’s long-term price trajectory is not best understood as an S-curve, speculative bubble, or simple exponential trend, but as a power law similar to patterns found in cities, biology and other natural systems. Speaking …",2026-05-13,newsBTC,http://www.newsbtc.com/bitcoin-news/when-bitcoin-could-reach-10m-power-law/,Jake Simmons,Bitcoin
news_37,Fidelity International launches Moody’s-rated tokenized fund on Chainlink,"Fidelity International launches Moody’s-rated tokenized fund on Chainlink The Bermuda-based asset manager launched a tokenized liquidity fund using Chainlink and Sygnum infrastructure, with JPMorgan providing daily NAV data for pricing.",2026-05-13,Cointelegraph,https://cointelegraph.com/news/fidelity-filq-tokenized-fund-chainlink-sygnum,Cointelegraph by Helen Partz,Bitcoin
news_38,"Alex Pruden: Quantum computing threatens elliptic curve cryptography, urgent need for postmodern cryptography, and the Bitcoin community’s philosophical divide | Empire","Alex Pruden: Quantum computing threatens elliptic curve cryptography, urgent need for postmodern cryptography, and the Bitcoin community’s philosophical divide | Empire Quantum computing's rapid advancements pose an urgent threat to the security of digital assets and financial systems.
The post Alex Pruden: Quantum computing threatens elliptic curve cryptography, urgent need for postmodern cryptography, and the Bitcoin commu…",2026-05-13,Crypto Briefing,https://cryptobriefing.com/alex-pruden-quantum-computing-threatens-elliptic-curve-cryptography-urgent-need-for-postmodern-cryptography-and-the-bitcoin-communitys-philosophical-divide-empire/,Editorial Team,Bitcoin
news_39,"Paul Frambot: Morpho’s modular architecture enables tailored lending markets, 90% of volume is stablecoin loans, and operational security is critical for DeFi risk management | Unchained","Paul Frambot: Morpho’s modular architecture enables tailored lending markets, 90% of volume is stablecoin loans, and operational security is critical for DeFi risk management | Unchained Morpho's modular design limited losses to $1 million during a $300 million DeFi hack, showcasing its resilience.
The post Paul Frambot: Morpho’s modular architecture enables tailored lending markets, 90% of volume is stablecoin loans, and operational security…",2026-05-13,Crypto Briefing,https://cryptobriefing.com/paul-frambot-morphos-modular-architecture-enables-tailored-lending-markets-90-of-volume-is-stablecoin-loans-and-operational-security-is-critical-for-defi-risk-management-unchained/,Editorial Team,Bitcoin
news_40,"Ali Yahya: Crypto infrastructure supports billions of users, regulatory clarity fuels innovation, and privacy emerges as a competitive advantage | Unchained","Ali Yahya: Crypto infrastructure supports billions of users, regulatory clarity fuels innovation, and privacy emerges as a competitive advantage | Unchained Privacy emerges as the crucial competitive edge in crypto amid maturing infrastructure and regulatory clarity.
The post Ali Yahya: Crypto infrastructure supports billions of users, regulatory clarity fuels innovation, and privacy emerges as a competitive adva…",2026-05-13,Crypto Briefing,https://cryptobriefing.com/ali-yahya-crypto-infrastructure-supports-billions-of-users-regulatory-clarity-fuels-innovation-and-privacy-emerges-as-a-competitive-advantage-unchained/,Editorial Team,Bitcoin
news_41,"Jordi Visser: Bitcoin is set to break higher, the crypto winter will be the mildest ever, and AI will disrupt traditional value storage | Bankless","Jordi Visser: Bitcoin is set to break higher, the crypto winter will be the mildest ever, and AI will disrupt traditional value storage | Bankless Bitcoin's anticipated rise amid AI-driven economic shifts positions it as a key hedge against inflation.
The post Jordi Visser: Bitcoin is set to break higher, the crypto winter will be the mildest ever, and AI will disrupt traditional value storage | Bankles…",2026-05-13,Crypto Briefing,https://cryptobriefing.com/jordi-visser-bitcoin-is-set-to-break-higher-the-crypto-winter-will-be-the-mildest-ever-and-ai-will-disrupt-traditional-value-storage-bankless/,Editorial Team,Bitcoin
news_42,The Protocol: Solana’s ‘Alpenglow’ upgrade is live for testing,"The Protocol: Solana’s ‘Alpenglow’ upgrade is live for testing Also: LayerZero apology, Ronin layer-2 transition and ‘Clear Signing’",2026-05-13,CoinDesk,https://www.coindesk.com/tech/2026/05/13/the-protocol-solana-s-alpenglow-upgrade-is-live-for-testing,Margaux Nijkerk,Bitcoin
news_43,Metaplanet delays preferred share listing amid challenging Japanese market structure,Metaplanet delays preferred share listing amid challenging Japanese market structure CEO Simon Gerovich says regulatory and infrastructure challenges are slowing the launch of Metaplanet's perpetual preferred share.,2026-05-13,CoinDesk,https://www.coindesk.com/markets/2026/05/13/metaplanet-delays-preferred-share-listing-amid-challenging-japanese-market-structure,James Van Straten,Bitcoin
news_44,How Michael Saylor's STRC Causes Mid-Month Bitcoin Rallies,How Michael Saylor's STRC Causes Mid-Month Bitcoin Rallies,2026-05-13,Yahoo Entertainment,https://consent.yahoo.com/v2/collectConsent?sessionId=1_cc-session_149218a6-8b30-4828-af8c-178762a02014,,Bitcoin
news_45,Bitcoin News: Why Schwab’s $12 Trillion Crypto Launch Is Bigger Than Investors Realize,Bitcoin News: Why Schwab’s $12 Trillion Crypto Launch Is Bigger Than Investors Realize,2026-05-13,Yahoo Entertainment,https://consent.yahoo.com/v2/collectConsent?sessionId=1_cc-session_19bbf8e6-102c-4443-8cbe-97beb472fe4c,,Bitcoin
news_46,UK parliament to probe Nigel Farage’s $6.8 million donation from crypto billionaire,"UK parliament to probe Nigel Farage’s $6.8 million donation from crypto billionaire If found guilty of violating the Parliamentary code of conduct, the Reform UK party leader could be suspended from the House of Commons.",2026-05-13,CoinDesk,https://www.coindesk.com/policy/2026/05/13/uk-parliament-to-probe-nigel-farage-s-usd6-8-million-donation-from-crypto-billionaire,Olivier Acuna,Bitcoin
news_47,"Charles Schwab Begins Offering Bitcoin, Ethereum Trading to US Users","Charles Schwab Begins Offering Bitcoin, Ethereum Trading to US Users Charles Schwab started allowing select users to trade Bitcoin and Ethereum directly alongside their other investments.",2026-05-13,Decrypt,https://decrypt.co/367768/charles-schwab-begins-bitcoin-ethereum-trading-us-users,Logan Hitchcock,Bitcoin
news_48,Eric Trump Has A Bitcoin Strategy That Could Make Michael Saylor Sweat,"Eric Trump Has A Bitcoin Strategy That Could Make Michael Saylor Sweat Eric Trump, co-founder and Chief Strategy Officer of American Bitcoin, has laid out an aggressive Bitcoin accumulation framework that positions the Trump-backed company as a direct challenger to Strategy — Michael Saylor’s industry-defining Bitcoin treasury f…",2026-05-13,Bitcoinist,https://bitcoinist.com/eric-trump-bitcoin-strategy-michael-saylor-sweat/,James Halver,Bitcoin
news_49,What Happens if the U.S. Defaults?,"What Happens if the U.S. Defaults? Lloyd Blankfein on the growing U.S. debt, polarization, the state of the economy, and what a United States default would look like. Plus: Trump-branded cellphones and the decline of public confidence in free enterprise.",2026-05-13,The Atlantic,https://www.theatlantic.com/podcasts/2026/05/david-frum-show-lloyd-blankefein-debt-default/687154/,David Frum,Bitcoin
