id,title,text,date,source,url,author,topic,combined_text,cleaned_text,processed_text,sentiment_pos,sentiment_neg,sentiment_neu,sentiment_compound,sentiment_label
news_0,Why Do Commenters Want to Silence Sonny White?,Why Do Commenters Want to Silence Sonny White? Sonny White (Harold G. “Sonny” White) has solid credentials as a NASA veteran but is viewed as a highly speculative researcher in the broader scientific community. His work on advanced propulsion (especially warp drive concepts) generates excitement in enthus…,2026-05-13,Next Big Future,https://www.nextbigfuture.com/2026/05/why-do-commenters-want-to-silence-sonny-white.html,Brian Wang,Bitcoin,Why Do Commenters Want to Silence Sonny White? Why Do Commenters Want to Silence Sonny White? Sonny White (Harold G. “Sonny” White) has solid credentials as a NASA veteran but is viewed as a highly speculative researcher in the broader scientific community. His work on advanced propulsion (especially warp drive concepts) generates excitement in enthus…,why do commenters want to silence sonny white why do commenters want to silence sonny white sonny white harold g sonny white has solid credentials as a nasa veteran but is viewed as a highly speculative researcher in the broader scientific community his work on advanced propulsion especially warp drive concepts generates excitement in enthus,commenters want silence sonny white commenters want silence sonny white sonny white harold sonny white solid credential nasa veteran viewed highly speculative researcher broader scientific community work advanced propulsion especially warp drive concept generates excitement enthus,0.202,0.0,0.798,0.8569,Positive
news_1,Whale shorts $70M in crypto and tech: Should Bitcoin traders worry?,"Whale shorts $70M in crypto and tech: Should Bitcoin traders worry? Despite short-term bearish bets from a successful Hyperliquid whale, a growing US Fed balance sheet and rising inflation support Bitcoin in the long term.",2026-05-13,Cointelegraph,https://cointelegraph.com/markets/whale-shorts-70m-in-crypto-tech-should-bitcoin-traders-worry,Cointelegraph by Marcel Pechman,Bitcoin,"Whale shorts $70M in crypto and tech: Should Bitcoin traders worry? Whale shorts $70M in crypto and tech: Should Bitcoin traders worry? Despite short-term bearish bets from a successful Hyperliquid whale, a growing US Fed balance sheet and rising inflation support Bitcoin in the long term.",whale shorts m in crypto and tech should bitcoin traders worry whale shorts m in crypto and tech should bitcoin traders worry despite shortterm bearish bets from a successful hyperliquid whale a growing us fed balance sheet and rising inflation support bitcoin in the long term,whale short crypto tech bitcoin trader worry whale short crypto tech bitcoin trader worry despite shortterm bearish bet successful hyperliquid whale growing fed balance sheet rising inflation support bitcoin long term,0.149,0.105,0.745,0.34,Positive
news_2,Crypto-Friendly Kevin Warsh Confirmed as Fed Chair to Replace Jerome Powell,"Crypto-Friendly Kevin Warsh Confirmed as Fed Chair to Replace Jerome Powell Kevin Warsh, President Donald Trump's pick to lead the Federal Reserve, was confirmed as its new chair Wednesday to replace Jerome Powell.",2026-05-13,Decrypt,https://decrypt.co/367784/crypto-friendly-kevin-warsh-confirmed-fed-chair-replace-jerome-powell,André Beganski,Bitcoin,"Crypto-Friendly Kevin Warsh Confirmed as Fed Chair to Replace Jerome Powell Crypto-Friendly Kevin Warsh Confirmed as Fed Chair to Replace Jerome Powell Kevin Warsh, President Donald Trump's pick to lead the Federal Reserve, was confirmed as its new chair Wednesday to replace Jerome Powell.",cryptofriendly kevin warsh confirmed as fed chair to replace jerome powell cryptofriendly kevin warsh confirmed as fed chair to replace jerome powell kevin warsh president donald trumps pick to lead the federal reserve was confirmed as its new chair wednesday to replace jerome powell,cryptofriendly kevin warsh confirmed fed chair replace jerome powell cryptofriendly kevin warsh confirmed fed chair replace jerome powell kevin warsh president donald trump pick lead federal reserve confirmed new chair wednesday replace jerome powell,0.0,0.0,1.0,0.0,Neutral
news_3,UK government bonds and sterling fall as pressure on Starmer rises,"UK government bonds and sterling fall as pressure on Starmer rises Political instability in the UK could lead to prolonged market volatility, affecting investor confidence and economic stability.
The post UK government bonds and sterling fall as pressure on Starmer rises appeared first on Crypto Briefing.",2026-05-13,Crypto Briefing,https://cryptobriefing.com/uk-bonds-sterling-fall-starmer-pressure/,Editorial Team,Bitcoin,"UK government bonds and sterling fall as pressure on Starmer rises UK government bonds and sterling fall as pressure on Starmer rises Political instability in the UK could lead to prolonged market volatility, affecting investor confidence and economic stability.
The post UK government bonds and sterling fall as pressure on Starmer rises appeared first on Crypto Briefing.",uk government bonds and sterling fall as pressure on starmer rises uk government bonds and sterling fall as pressure on starmer rises political instability in the uk could lead to prolonged market volatility affecting investor confidence and economic stability the post uk government bonds and sterling fall as pressure on starmer rises appeared first on crypto briefing,government bond sterling fall pressure starmer rise government bond sterling fall pressure starmer rise political instability could lead prolonged market volatility affecting investor confidence economic stability post government bond sterling fall pressure starmer rise appeared first crypto briefing,0.052,0.105,0.843,-0.3182,Negative
news_4,The 3 Bitcoin Rules That Tell When The Bear Market Is Fully Over,"The 3 Bitcoin Rules That Tell When The Bear Market Is Fully Over Crypto analyst Bee has outlined three Bitcoin rules that provide insights into when the bear market is likely to end. This comes as BTC struggles again to hold above the psychological $80,000, with experts predicting another imminent decline.  Bitcoin Bear Ma…",2026-05-13,Bitcoinist,https://bitcoinist.com/the-3-bitcoin-rules/,Scott Matherson,Bitcoin,"The 3 Bitcoin Rules That Tell When The Bear Market Is Fully Over The 3 Bitcoin Rules That Tell When The Bear Market Is Fully Over Crypto analyst Bee has outlined three Bitcoin rules that provide insights into when the bear market is likely to end. This comes as BTC struggles again to hold above the psychological $80,000, with experts predicting another imminent decline.  Bitcoin Bear Ma…",the bitcoin rules that tell when the bear market is fully over the bitcoin rules that tell when the bear market is fully over crypto analyst bee has outlined three bitcoin rules that provide insights into when the bear market is likely to end this comes as btc struggles again to hold above the psychological with experts predicting another imminent decline bitcoin bear ma,bitcoin rule tell bear market fully bitcoin rule tell bear market fully crypto analyst bee outlined three bitcoin rule provide insight bear market likely end come btc struggle hold psychological expert predicting another imminent decline bitcoin bear,0.0,0.038,0.962,-0.3612,Negative
news_5,The crypto Clarity Act returns to the Senate this week. The banks are already trying to kill it.,"The crypto Clarity Act returns to the Senate this week. The banks are already trying to kill it. Hello and welcome to Regulator, the newsletter for Verge subscribers that goes into tech shenanigans that take place in the backrooms of Washington. Really, it sometimes does feel like the online series The Backrooms: a parallel universe with no internal logi…",2026-05-13,The Verge,https://www.theverge.com/column/929752/the-crypto-clarity-act-returns-to-the-senate-this-week-the-banks-are-already-trying-to-kill-it,Tina Nguyen,Bitcoin,"The crypto Clarity Act returns to the Senate this week. The banks are already trying to kill it. The crypto Clarity Act returns to the Senate this week. The banks are already trying to kill it. Hello and welcome to Regulator, the newsletter for Verge subscribers that goes into tech shenanigans that take place in the backrooms of Washington. Really, it sometimes does feel like the online series The Backrooms: a parallel universe with no internal logi…",the crypto clarity act returns to the senate this week the banks are already trying to kill it the crypto clarity act returns to the senate this week the banks are already trying to kill it hello and welcome to regulator the newsletter for verge subscribers that goes into tech shenanigans that take place in the backrooms of washington really it sometimes does feel like the online series the backrooms a parallel universe with no internal logi,crypto clarity act return senate week bank already trying kill crypto clarity act return senate week bank already trying kill hello welcome regulator newsletter verge subscriber go tech shenanigan take place backroom washington really sometimes feel like online series backroom parallel universe internal logi,0.118,0.125,0.757,-0.4019,Negative
news_6,Ethereum app builder Consensys has delayed its potential IPO until fall,Ethereum app builder Consensys has delayed its potential IPO until fall The MetaMask wallet builder had reportedly engaged bankers from JPMorgan and Goldman Sachs to lead the process.,2026-05-13,CoinDesk,https://www.coindesk.com/business/2026/05/13/ethereum-app-builder-consensys-has-delayed-its-potential-ipo-until-fall,"Ian Allison, Will Canny",Bitcoin,Ethereum app builder Consensys has delayed its potential IPO until fall Ethereum app builder Consensys has delayed its potential IPO until fall The MetaMask wallet builder had reportedly engaged bankers from JPMorgan and Goldman Sachs to lead the process.,ethereum app builder consensys has delayed its potential ipo until fall ethereum app builder consensys has delayed its potential ipo until fall the metamask wallet builder had reportedly engaged bankers from jpmorgan and goldman sachs to lead the process,ethereum app builder consensys delayed potential ipo fall ethereum app builder consensys delayed potential ipo fall metamask wallet builder reportedly engaged banker jpmorgan goldman sachs lead process,0.064,0.089,0.847,-0.0258,Neutral
news_7,Grayscale files to launch first spot ETF for Zcash privacy coin,"Grayscale files to launch first spot ETF for Zcash privacy coin Grayscale's move could redefine privacy coin investments, challenging regulatory norms and potentially broadening crypto market participation.
The post Grayscale files to launch first spot ETF for Zcash privacy coin appeared first on Crypto Briefing.",2026-05-13,Crypto Briefing,https://cryptobriefing.com/grayscale-zcash-spot-etf-filing/,Editorial Team,Bitcoin,"Grayscale files to launch first spot ETF for Zcash privacy coin Grayscale files to launch first spot ETF for Zcash privacy coin Grayscale's move could redefine privacy coin investments, challenging regulatory norms and potentially broadening crypto market participation.
The post Grayscale files to launch first spot ETF for Zcash privacy coin appeared first on Crypto Briefing.",grayscale files to launch first spot etf for zcash privacy coin grayscale files to launch first spot etf for zcash privacy coin grayscales move could redefine privacy coin investments challenging regulatory norms and potentially broadening crypto market participation the post grayscale files to launch first spot etf for zcash privacy coin appeared first on crypto briefing,grayscale file launch first spot etf zcash privacy coin grayscale file launch first spot etf zcash privacy coin grayscales move could redefine privacy coin investment challenging regulatory norm potentially broadening crypto market participation post grayscale file launch first spot etf zcash privacy coin appeared first crypto briefing,0.028,0.0,0.972,0.1531,Positive
news_8,Bitcoin traders expect ‘fast move’ to $90K following CLARITY Act vote,Bitcoin traders expect ‘fast move’ to $90K following CLARITY Act vote Bitcoin traders eye a possible move higher as short-term selling pressure fades and the CLARITY Act vote boosts crypto market focus.,2026-05-13,Cointelegraph,https://cointelegraph.com/markets/bitcoin-traders-expect-fast-move-90k-following-clarity-act-vote,Cointelegraph by Biraajmaan Tamuly,Bitcoin,Bitcoin traders expect ‘fast move’ to $90K following CLARITY Act vote Bitcoin traders expect ‘fast move’ to $90K following CLARITY Act vote Bitcoin traders eye a possible move higher as short-term selling pressure fades and the CLARITY Act vote boosts crypto market focus.,bitcoin traders expect fast move to k following clarity act vote bitcoin traders expect fast move to k following clarity act vote bitcoin traders eye a possible move higher as shortterm selling pressure fades and the clarity act vote boosts crypto market focus,bitcoin trader expect fast move following clarity act vote bitcoin trader expect fast move following clarity act vote bitcoin trader eye possible move higher shortterm selling pressure fade clarity act vote boost crypto market focus,0.206,0.043,0.751,0.802,Positive
news_9,"Global financial crisis fears grow as bond yields hit 1998 levels and Bitcoin drops below $80,000","Global financial crisis fears grow as bond yields hit 1998 levels and Bitcoin drops below $80,000 Sovereign curves are back near old stress zones while Hormuz inflation risk keeps central banks boxed in.
The post Global financial crisis fears grow as bond yields hit 1998 levels and Bitcoin drops below $80,000 appeared first on CryptoSlate.",2026-05-13,CryptoSlate,https://cryptoslate.com/global-financial-crisis-bond-yields-bitcoin/,Liam 'Akiba' Wright,Bitcoin,"Global financial crisis fears grow as bond yields hit 1998 levels and Bitcoin drops below $80,000 Global financial crisis fears grow as bond yields hit 1998 levels and Bitcoin drops below $80,000 Sovereign curves are back near old stress zones while Hormuz inflation risk keeps central banks boxed in.
The post Global financial crisis fears grow as bond yields hit 1998 levels and Bitcoin drops below $80,000 appeared first on CryptoSlate.",global financial crisis fears grow as bond yields hit levels and bitcoin drops below global financial crisis fears grow as bond yields hit levels and bitcoin drops below sovereign curves are back near old stress zones while hormuz inflation risk keeps central banks boxed in the post global financial crisis fears grow as bond yields hit levels and bitcoin drops below appeared first on cryptoslate,global financial crisis fear grow bond yield hit level bitcoin drop global financial crisis fear grow bond yield hit level bitcoin drop sovereign curve back near old stress zone hormuz inflation risk keep central bank boxed post global financial crisis fear grow bond yield hit level bitcoin drop appeared first cryptoslate,0.0,0.31,0.69,-0.9766,Negative
news_10,The Bitcoin Society halts plans to build crypto treasury after brutal Q1,"The Bitcoin Society halts plans to build crypto treasury after brutal Q1 The halt highlights the challenges smaller firms face in emulating large-scale Bitcoin strategies, emphasizing the need for robust capital access.
The post The Bitcoin Society halts plans to build crypto treasury after brutal Q1 appeared first on Crypto Brief…",2026-05-13,Crypto Briefing,https://cryptobriefing.com/bitcoin-society-halts-crypto-treasury/,Editorial Team,Bitcoin,"The Bitcoin Society halts plans to build crypto treasury after brutal Q1 The Bitcoin Society halts plans to build crypto treasury after brutal Q1 The halt highlights the challenges smaller firms face in emulating large-scale Bitcoin strategies, emphasizing the need for robust capital access.
The post The Bitcoin Society halts plans to build crypto treasury after brutal Q1 appeared first on Crypto Brief…",the bitcoin society halts plans to build crypto treasury after brutal q the bitcoin society halts plans to build crypto treasury after brutal q the halt highlights the challenges smaller firms face in emulating largescale bitcoin strategies emphasizing the need for robust capital access the post the bitcoin society halts plans to build crypto treasury after brutal q appeared first on crypto brief,bitcoin society halt plan build crypto treasury brutal bitcoin society halt plan build crypto treasury brutal halt highlight challenge smaller firm face emulating largescale bitcoin strategy emphasizing need robust capital access post bitcoin society halt plan build crypto treasury brutal appeared first crypto brief,0.119,0.161,0.72,-0.802,Negative
news_11,Ethena price: ENA dips despite 5-week peak in whale activity,"Ethena price: ENA dips despite 5-week peak in whale activity Ethena’s native token, ENA, saw its price decline as Bitcoin slid below $79,000 The slight dip happened despite ENA notching a 5-week high in whale activity. Prices could fall further, but a rebound for BTC could boost ENA. Ethena (ENA) price faced downward p…",2026-05-13,Coinjournal.net,https://coinjournal.net/news/ethena-price-ena-dips-despite-5-week-peak-in-whale-activity/,Benson Toti,Bitcoin,"Ethena price: ENA dips despite 5-week peak in whale activity Ethena price: ENA dips despite 5-week peak in whale activity Ethena’s native token, ENA, saw its price decline as Bitcoin slid below $79,000 The slight dip happened despite ENA notching a 5-week high in whale activity. Prices could fall further, but a rebound for BTC could boost ENA. Ethena (ENA) price faced downward p…",ethena price ena dips despite week peak in whale activity ethena price ena dips despite week peak in whale activity ethenas native token ena saw its price decline as bitcoin slid below the slight dip happened despite ena notching a week high in whale activity prices could fall further but a rebound for btc could boost ena ethena ena price faced downward p,ethena price ena dip despite week peak whale activity ethena price ena dip despite week peak whale activity ethenas native token ena saw price decline bitcoin slid slight dip happened despite ena notching week high whale activity price could fall rebound btc could boost ena ethena ena price faced downward,0.054,0.0,0.946,0.5499,Positive
news_12,"Price predictions 5/13: BTC, ETH, BNB, XRP, SOL, DOGE, HYPE, ADA, ZEC, BCH","Price predictions 5/13: BTC, ETH, BNB, XRP, SOL, DOGE, HYPE, ADA, ZEC, BCH Bitcoin’s break below $79,000 may deepen the pullback, which could intensify the selling in several major altcoins.",2026-05-13,Cointelegraph,https://cointelegraph.com/markets/price-predictions-513-btc-eth-bnb-xrp-sol-doge-hype-ada-zec-bch,Cointelegraph by Rakesh Upadhyay,Bitcoin,"Price predictions 5/13: BTC, ETH, BNB, XRP, SOL, DOGE, HYPE, ADA, ZEC, BCH Price predictions 5/13: BTC, ETH, BNB, XRP, SOL, DOGE, HYPE, ADA, ZEC, BCH Bitcoin’s break below $79,000 may deepen the pullback, which could intensify the selling in several major altcoins.",price predictions btc eth bnb xrp sol doge hype ada zec bch price predictions btc eth bnb xrp sol doge hype ada zec bch bitcoins break below may deepen the pullback which could intensify the selling in several major altcoins,price prediction btc eth bnb xrp sol doge hype ada zec bch price prediction btc eth bnb xrp sol doge hype ada zec bch bitcoins break may deepen pullback could intensify selling several major altcoins,0.0,0.0,1.0,0.0,Neutral
news_13,"Bitcoin Just Entered A Deceptive Territory, Here’s What You Should Know","Bitcoin Just Entered A Deceptive Territory, Here’s What You Should Know Bitcoin’s recent price behavior has been everything the bulls hoped for, and that may be precisely the problem. Since bottoming out around $63,000 in early April, Bitcoin has posted a sequence of higher highs and higher lows and has now reclaimed $80,000. The…",2026-05-13,newsBTC,http://www.newsbtc.com/news/bitcoin/bitcoin-deceptive-territory/,Sandra White,Bitcoin,"Bitcoin Just Entered A Deceptive Territory, Here’s What You Should Know Bitcoin Just Entered A Deceptive Territory, Here’s What You Should Know Bitcoin’s recent price behavior has been everything the bulls hoped for, and that may be precisely the problem. Since bottoming out around $63,000 in early April, Bitcoin has posted a sequence of higher highs and higher lows and has now reclaimed $80,000. The…",bitcoin just entered a deceptive territory heres what you should know bitcoin just entered a deceptive territory heres what you should know bitcoins recent price behavior has been everything the bulls hoped for and that may be precisely the problem since bottoming out around in early april bitcoin has posted a sequence of higher highs and higher lows and has now reclaimed the,bitcoin entered deceptive territory here know bitcoin entered deceptive territory here know bitcoins recent price behavior everything bull hoped may precisely problem since bottoming around early april bitcoin posted sequence higher high higher low reclaimed,0.039,0.067,0.894,-0.2263,Negative
news_14,"Analyst Says Ethereum Will Have Its Turn For An Explosive Rally, But Only When Bitcoin Does This","Analyst Says Ethereum Will Have Its Turn For An Explosive Rally, But Only When Bitcoin Does This A new analysis from crypto expert Sykodelic suggests that Ethereum (ETH) could experience a parabolic rally to new highs this year, but only if Bitcoin (BTC) makes a key move. According to the analyst, ETH is already laying the groundwork for this potential s…",2026-05-13,Bitcoinist,https://bitcoinist.com/ethereum-explosive-rally-bitcoin/,Sandra White,Bitcoin,"Analyst Says Ethereum Will Have Its Turn For An Explosive Rally, But Only When Bitcoin Does This Analyst Says Ethereum Will Have Its Turn For An Explosive Rally, But Only When Bitcoin Does This A new analysis from crypto expert Sykodelic suggests that Ethereum (ETH) could experience a parabolic rally to new highs this year, but only if Bitcoin (BTC) makes a key move. According to the analyst, ETH is already laying the groundwork for this potential s…",analyst says ethereum will have its turn for an explosive rally but only when bitcoin does this analyst says ethereum will have its turn for an explosive rally but only when bitcoin does this a new analysis from crypto expert sykodelic suggests that ethereum eth could experience a parabolic rally to new highs this year but only if bitcoin btc makes a key move according to the analyst eth is already laying the groundwork for this potential s,analyst say ethereum turn explosive rally bitcoin analyst say ethereum turn explosive rally bitcoin new analysis crypto expert sykodelic suggests ethereum eth could experience parabolic rally new high year bitcoin btc make key move according analyst eth already laying groundwork potential,0.0,0.0,1.0,0.0,Neutral
news_15,AriseAlpha Launches Free AI Stock and Crypto Trading Bot: Scalable Automated Trading Solutions Driving the Future of Investing in 2026,AriseAlpha Launches Free AI Stock and Crypto Trading Bot: Scalable Automated Trading Solutions Driving the Future of Investing in 2026 AriseAlpha Launches Free AI Stock and Crypto Trading Bot: Scalable Automated Trading Solutions Driving the Future of Investing in 2026...,2026-05-13,GlobeNewswire,https://www.globenewswire.com/news-release/2026/05/13/3294347/0/en/AriseAlpha-Launches-Free-AI-Stock-and-Crypto-Trading-Bot-Scalable-Automated-Trading-Solutions-Driving-the-Future-of-Investing-in-2026.html,AriseAlpha,Bitcoin,AriseAlpha Launches Free AI Stock and Crypto Trading Bot: Scalable Automated Trading Solutions Driving the Future of Investing in 2026 AriseAlpha Launches Free AI Stock and Crypto Trading Bot: Scalable Automated Trading Solutions Driving the Future of Investing in 2026 AriseAlpha Launches Free AI Stock and Crypto Trading Bot: Scalable Automated Trading Solutions Driving the Future of Investing in 2026...,arisealpha launches free ai stock and crypto trading bot scalable automated trading solutions driving the future of investing in arisealpha launches free ai stock and crypto trading bot scalable automated trading solutions driving the future of investing in arisealpha launches free ai stock and crypto trading bot scalable automated trading solutions driving the future of investing in,arisealpha launch free stock crypto trading bot scalable automated trading solution driving future investing arisealpha launch free stock crypto trading bot scalable automated trading solution driving future investing arisealpha launch free stock crypto trading bot scalable automated trading solution driving future investing,0.227,0.0,0.773,0.9186,Positive
news_16,"Scott Bessent reaffirms US, Japan coordination on currency moves","Scott Bessent reaffirms US, Japan coordination on currency moves Enhanced US-Japan currency coordination may stabilize forex markets, potentially reducing volatility in risk assets and impacting global investments.
The post Scott Bessent reaffirms US, Japan coordination on currency moves appeared first on Crypto Briefing.",2026-05-13,Crypto Briefing,https://cryptobriefing.com/bessent-japan-currency-coordination-crypto/,Editorial Team,Bitcoin,"Scott Bessent reaffirms US, Japan coordination on currency moves Scott Bessent reaffirms US, Japan coordination on currency moves Enhanced US-Japan currency coordination may stabilize forex markets, potentially reducing volatility in risk assets and impacting global investments.
The post Scott Bessent reaffirms US, Japan coordination on currency moves appeared first on Crypto Briefing.",scott bessent reaffirms us japan coordination on currency moves scott bessent reaffirms us japan coordination on currency moves enhanced usjapan currency coordination may stabilize forex markets potentially reducing volatility in risk assets and impacting global investments the post scott bessent reaffirms us japan coordination on currency moves appeared first on crypto briefing,scott bessent reaffirms japan coordination currency move scott bessent reaffirms japan coordination currency move enhanced usjapan currency coordination may stabilize forex market potentially reducing volatility risk asset impacting global investment post scott bessent reaffirms japan coordination currency move appeared first crypto briefing,0.032,0.039,0.929,-0.1027,Negative
news_17,"Bank of Japan debates near-term rate hike, eyes June move","Bank of Japan debates near-term rate hike, eyes June move A potential BOJ rate hike could strengthen the yen, impacting global carry trades and creating selling pressure across various risk assets.
The post Bank of Japan debates near-term rate hike, eyes June move appeared first on Crypto Briefing.",2026-05-13,Crypto Briefing,https://cryptobriefing.com/boj-rate-hike-june-debate/,Editorial Team,Bitcoin,"Bank of Japan debates near-term rate hike, eyes June move Bank of Japan debates near-term rate hike, eyes June move A potential BOJ rate hike could strengthen the yen, impacting global carry trades and creating selling pressure across various risk assets.
The post Bank of Japan debates near-term rate hike, eyes June move appeared first on Crypto Briefing.",bank of japan debates nearterm rate hike eyes june move bank of japan debates nearterm rate hike eyes june move a potential boj rate hike could strengthen the yen impacting global carry trades and creating selling pressure across various risk assets the post bank of japan debates nearterm rate hike eyes june move appeared first on crypto briefing,bank japan debate nearterm rate hike eye june move bank japan debate nearterm rate hike eye june move potential boj rate hike could strengthen yen impacting global carry trade creating selling pressure across various risk asset post bank japan debate nearterm rate hike eye june move appeared first crypto briefing,0.098,0.068,0.835,0.2263,Positive
news_18,Societe Generale deploys stablecoins on Canton for tokenized finance,"Societe Generale deploys stablecoins on Canton for tokenized finance France's SocGen plans to use its EURCV and USDCV stablecoins for tokenized collateral, repo financing and institutional settlement activity on the Canton blockchain network.",2026-05-13,Cointelegraph,https://cointelegraph.com/news/societe-generale-expands-tokenized-collateral-and-stablecoin-push-on-canton-network,Cointelegraph by Nate Kostar,Bitcoin,"Societe Generale deploys stablecoins on Canton for tokenized finance Societe Generale deploys stablecoins on Canton for tokenized finance France's SocGen plans to use its EURCV and USDCV stablecoins for tokenized collateral, repo financing and institutional settlement activity on the Canton blockchain network.",societe generale deploys stablecoins on canton for tokenized finance societe generale deploys stablecoins on canton for tokenized finance frances socgen plans to use its eurcv and usdcv stablecoins for tokenized collateral repo financing and institutional settlement activity on the canton blockchain network,societe generale deploys stablecoins canton tokenized finance societe generale deploys stablecoins canton tokenized finance france socgen plan use eurcv usdcv stablecoins tokenized collateral repo financing institutional settlement activity canton blockchain network,0.0,0.0,1.0,0.0,Neutral
news_19,US government asks for $1M forfeiture from ex-Celsius exec ahead of sentencing,"US government asks for $1M forfeiture from ex-Celsius exec ahead of sentencing Former Celsius chief revenue officer Roni Cohen-Pavon, scheduled to be sentenced on Thursday after a guilty plea, agreed to a judgment of $1 million that he obtained as a result of his crimes.",2026-05-13,Cointelegraph,https://cointelegraph.com/news/us-government-forfeiture-celsius-roni-cohen-pavon-sentencing,Cointelegraph by Turner Wright,Bitcoin,"US government asks for $1M forfeiture from ex-Celsius exec ahead of sentencing US government asks for $1M forfeiture from ex-Celsius exec ahead of sentencing Former Celsius chief revenue officer Roni Cohen-Pavon, scheduled to be sentenced on Thursday after a guilty plea, agreed to a judgment of $1 million that he obtained as a result of his crimes.",us government asks for m forfeiture from excelsius exec ahead of sentencing us government asks for m forfeiture from excelsius exec ahead of sentencing former celsius chief revenue officer roni cohenpavon scheduled to be sentenced on thursday after a guilty plea agreed to a judgment of million that he obtained as a result of his crimes,government asks forfeiture excelsius exec ahead sentencing government asks forfeiture excelsius exec ahead sentencing former celsius chief revenue officer roni cohenpavon scheduled sentenced thursday guilty plea agreed judgment million obtained result crime,0.035,0.118,0.847,-0.4588,Negative
news_20,"Bitcoin Firm Metaplanet Posts $725 Million Loss, Delays Preferred Share Offerings","Bitcoin Firm Metaplanet Posts $725 Million Loss, Delays Preferred Share Offerings Metaplanet CEO Simon Gerovich acknowledged that preferred shares unveiled in November have yet to be issued.",2026-05-13,Decrypt,https://decrypt.co/367770/bitcoin-firm-metaplanet-725-million-loss-delays-preferred-share,André Beganski,Bitcoin,"Bitcoin Firm Metaplanet Posts $725 Million Loss, Delays Preferred Share Offerings Bitcoin Firm Metaplanet Posts $725 Million Loss, Delays Preferred Share Offerings Metaplanet CEO Simon Gerovich acknowledged that preferred shares unveiled in November have yet to be issued.",bitcoin firm metaplanet posts million loss delays preferred share offerings bitcoin firm metaplanet posts million loss delays preferred share offerings metaplanet ceo simon gerovich acknowledged that preferred shares unveiled in november have yet to be issued,bitcoin firm metaplanet post million loss delay preferred share offering bitcoin firm metaplanet post million loss delay preferred share offering metaplanet ceo simon gerovich acknowledged preferred share unveiled november yet issued,0.156,0.109,0.735,0.25,Positive
news_21,"Bitcoin Firm Metaplanet Posts $725 Million Loss, Delays Preferred Share Offerings","Bitcoin Firm Metaplanet Posts $725 Million Loss, Delays Preferred Share Offerings",2026-05-13,Yahoo Entertainment,https://consent.yahoo.com/v2/collectConsent?sessionId=1_cc-session_6a851b41-1a4a-4eff-abb0-0e8122e7a3f2,,Bitcoin,"Bitcoin Firm Metaplanet Posts $725 Million Loss, Delays Preferred Share Offerings Bitcoin Firm Metaplanet Posts $725 Million Loss, Delays Preferred Share Offerings",bitcoin firm metaplanet posts million loss delays preferred share offerings bitcoin firm metaplanet posts million loss delays preferred share offerings,bitcoin firm metaplanet post million loss delay preferred share offering bitcoin firm metaplanet post million loss delay preferred share offering,0.176,0.184,0.64,-0.0516,Negative
news_22,River integrates OKX DEX for one-tap swaps to satUSD,"River integrates OKX DEX for one-tap swaps to satUSD River's integration with OKX DEX simplifies DeFi access, potentially increasing user adoption but hinges on OKX's reliability and service continuity.
The post River integrates OKX DEX for one-tap swaps to satUSD appeared first on Crypto Briefing.",2026-05-13,Crypto Briefing,https://cryptobriefing.com/river-okx-dex-satusd-swaps/,Editorial Team,Bitcoin,"River integrates OKX DEX for one-tap swaps to satUSD River integrates OKX DEX for one-tap swaps to satUSD River's integration with OKX DEX simplifies DeFi access, potentially increasing user adoption but hinges on OKX's reliability and service continuity.
The post River integrates OKX DEX for one-tap swaps to satUSD appeared first on Crypto Briefing.",river integrates okx dex for onetap swaps to satusd river integrates okx dex for onetap swaps to satusd rivers integration with okx dex simplifies defi access potentially increasing user adoption but hinges on okxs reliability and service continuity the post river integrates okx dex for onetap swaps to satusd appeared first on crypto briefing,river integrates okx dex onetap swap satusd river integrates okx dex onetap swap satusd river integration okx dex simplifies defi access potentially increasing user adoption hinge okxs reliability service continuity post river integrates okx dex onetap swap satusd appeared first crypto briefing,0.0,0.0,1.0,0.0,Neutral
news_23,Square Reaches 1 Million Bitcoin-Enabled Merchants as Block Pushes BTC Payments,Square Reaches 1 Million Bitcoin-Enabled Merchants as Block Pushes BTC Payments,2026-05-13,Yahoo Entertainment,https://consent.yahoo.com/v2/collectConsent?sessionId=1_cc-session_59767c8b-ed14-4724-a7a0-121756069f3a,,Bitcoin,Square Reaches 1 Million Bitcoin-Enabled Merchants as Block Pushes BTC Payments Square Reaches 1 Million Bitcoin-Enabled Merchants as Block Pushes BTC Payments,square reaches million bitcoinenabled merchants as block pushes btc payments square reaches million bitcoinenabled merchants as block pushes btc payments,square reach million bitcoinenabled merchant block push btc payment square reach million bitcoinenabled merchant block push btc payment,0.099,0.24,0.661,-0.6597,Negative
news_24,Here’s What to Know About Strategy Inc (MSTR)’s Bitcoin Holding,Here’s What to Know About Strategy Inc (MSTR)’s Bitcoin Holding,2026-05-13,Yahoo Entertainment,https://consent.yahoo.com/v2/collectConsent?sessionId=1_cc-session_33d4de4b-d073-4645-9c8f-7746e1c8276d,,Bitcoin,Here’s What to Know About Strategy Inc (MSTR)’s Bitcoin Holding Here’s What to Know About Strategy Inc (MSTR)’s Bitcoin Holding,heres what to know about strategy inc mstrs bitcoin holding heres what to know about strategy inc mstrs bitcoin holding,here know strategy inc mstrs bitcoin holding here know strategy inc mstrs bitcoin holding,0.0,0.0,1.0,0.0,Neutral
news_25,Why traditional brokers are seeing record inflows from the digital asset community this year,"Why traditional brokers are seeing record inflows from the digital asset community this year Capital is flowing from crypto exchanges to traditional brokers at a record pace in 2026. Here are the factors behind the trend. 
The post Why traditional brokers are seeing record inflows from the digital asset community this year appeared first on Crypto Br…",2026-05-13,Crypto Briefing,https://cryptobriefing.com/blockchain-ads-campaigns-real-time/,Estefano Gomez,Bitcoin,"Why traditional brokers are seeing record inflows from the digital asset community this year Why traditional brokers are seeing record inflows from the digital asset community this year Capital is flowing from crypto exchanges to traditional brokers at a record pace in 2026. Here are the factors behind the trend. 
The post Why traditional brokers are seeing record inflows from the digital asset community this year appeared first on Crypto Br…",why traditional brokers are seeing record inflows from the digital asset community this year why traditional brokers are seeing record inflows from the digital asset community this year capital is flowing from crypto exchanges to traditional brokers at a record pace in here are the factors behind the trend the post why traditional brokers are seeing record inflows from the digital asset community this year appeared first on crypto br,traditional broker seeing record inflow digital asset community year traditional broker seeing record inflow digital asset community year capital flowing crypto exchange traditional broker record pace factor behind trend post traditional broker seeing record inflow digital asset community year appeared first crypto,0.101,0.0,0.899,0.7579,Positive
news_26,How Figure is Democratizing Crypto-as-Collateral for Mainstream Users,"How Figure is Democratizing Crypto-as-Collateral for Mainstream Users As digital assets make inroads into the mainstream, crypto lender Figure is helping to turn them into viable collateral for credit.",2026-05-13,Decrypt,https://decrypt.co/366771/how-figure-is-democratizing-crypto-as-collateral-for-mainstream-users,Decrypt Staff,Bitcoin,"How Figure is Democratizing Crypto-as-Collateral for Mainstream Users How Figure is Democratizing Crypto-as-Collateral for Mainstream Users As digital assets make inroads into the mainstream, crypto lender Figure is helping to turn them into viable collateral for credit.",how figure is democratizing cryptoascollateral for mainstream users how figure is democratizing cryptoascollateral for mainstream users as digital assets make inroads into the mainstream crypto lender figure is helping to turn them into viable collateral for credit,figure democratizing cryptoascollateral mainstream user figure democratizing cryptoascollateral mainstream user digital asset make inroad mainstream crypto lender figure helping turn viable collateral credit,0.16,0.0,0.84,0.6705,Positive
news_27,Here’s When Bitcoin Could Reach $10 Million Under Power Law Model,"Here’s When Bitcoin Could Reach $10 Million Under Power Law Model Physicist Giovanni Santostasi says Bitcoin’s long-term price trajectory is not best understood as an S-curve, speculative bubble, or simple exponential trend, but as a power law similar to patterns found in cities, biology and other natural systems. Speaking …",2026-05-13,newsBTC,http://www.newsbtc.com/bitcoin-news/when-bitcoin-could-reach-10m-power-law/,Jake Simmons,Bitcoin,"Here’s When Bitcoin Could Reach $10 Million Under Power Law Model Here’s When Bitcoin Could Reach $10 Million Under Power Law Model Physicist Giovanni Santostasi says Bitcoin’s long-term price trajectory is not best understood as an S-curve, speculative bubble, or simple exponential trend, but as a power law similar to patterns found in cities, biology and other natural systems. Speaking …",heres when bitcoin could reach million under power law model heres when bitcoin could reach million under power law model physicist giovanni santostasi says bitcoins longterm price trajectory is not best understood as an scurve speculative bubble or simple exponential trend but as a power law similar to patterns found in cities biology and other natural systems speaking,here bitcoin could reach million power law model here bitcoin could reach million power law model physicist giovanni santostasi say bitcoins longterm price trajectory best understood scurve speculative bubble simple exponential trend power law similar pattern found city biology natural system speaking,0.106,0.035,0.859,0.3326,Positive
news_28,Fidelity International launches Moody’s-rated tokenized fund on Chainlink,"Fidelity International launches Moody’s-rated tokenized fund on Chainlink The Bermuda-based asset manager launched a tokenized liquidity fund using Chainlink and Sygnum infrastructure, with JPMorgan providing daily NAV data for pricing.",2026-05-13,Cointelegraph,https://cointelegraph.com/news/fidelity-filq-tokenized-fund-chainlink-sygnum,Cointelegraph by Helen Partz,Bitcoin,"Fidelity International launches Moody’s-rated tokenized fund on Chainlink Fidelity International launches Moody’s-rated tokenized fund on Chainlink The Bermuda-based asset manager launched a tokenized liquidity fund using Chainlink and Sygnum infrastructure, with JPMorgan providing daily NAV data for pricing.",fidelity international launches moodysrated tokenized fund on chainlink fidelity international launches moodysrated tokenized fund on chainlink the bermudabased asset manager launched a tokenized liquidity fund using chainlink and sygnum infrastructure with jpmorgan providing daily nav data for pricing,fidelity international launch moodysrated tokenized fund chainlink fidelity international launch moodysrated tokenized fund chainlink bermudabased asset manager launched tokenized liquidity fund using chainlink sygnum infrastructure jpmorgan providing daily nav data pricing,0.1,0.0,0.9,0.4588,Positive
news_29,"Alex Pruden: Quantum computing threatens elliptic curve cryptography, urgent need for postmodern cryptography, and the Bitcoin community’s philosophical divide | Empire","Alex Pruden: Quantum computing threatens elliptic curve cryptography, urgent need for postmodern cryptography, and the Bitcoin community’s philosophical divide | Empire Quantum computing's rapid advancements pose an urgent threat to the security of digital assets and financial systems.
The post Alex Pruden: Quantum computing threatens elliptic curve cryptography, urgent need for postmodern cryptography, and the Bitcoin commu…",2026-05-13,Crypto Briefing,https://cryptobriefing.com/alex-pruden-quantum-computing-threatens-elliptic-curve-cryptography-urgent-need-for-postmodern-cryptography-and-the-bitcoin-communitys-philosophical-divide-empire/,Editorial Team,Bitcoin,"Alex Pruden: Quantum computing threatens elliptic curve cryptography, urgent need for postmodern cryptography, and the Bitcoin community’s philosophical divide | Empire Alex Pruden: Quantum computing threatens elliptic curve cryptography, urgent need for postmodern cryptography, and the Bitcoin community’s philosophical divide | Empire Quantum computing's rapid advancements pose an urgent threat to the security of digital assets and financial systems.
The post Alex Pruden: Quantum computing threatens elliptic curve cryptography, urgent need for postmodern cryptography, and the Bitcoin commu…",alex pruden quantum computing threatens elliptic curve cryptography urgent need for postmodern cryptography and the bitcoin communitys philosophical divide empire alex pruden quantum computing threatens elliptic curve cryptography urgent need for postmodern cryptography and the bitcoin communitys philosophical divide empire quantum computings rapid advancements pose an urgent threat to the security of digital assets and financial systems the post alex pruden quantum computing threatens elliptic curve cryptography urgent need for postmodern cryptography and the bitcoin commu,alex pruden quantum computing threatens elliptic curve cryptography urgent need postmodern cryptography bitcoin community philosophical divide empire alex pruden quantum computing threatens elliptic curve cryptography urgent need postmodern cryptography bitcoin community philosophical divide empire quantum computing rapid advancement pose urgent threat security digital asset financial system post alex pruden quantum computing threatens elliptic curve cryptography urgent need postmodern cryptography bitcoin commu,0.128,0.127,0.746,-0.4404,Negative
news_30,"Paul Frambot: Morpho’s modular architecture enables tailored lending markets, 90% of volume is stablecoin loans, and operational security is critical for DeFi risk management | Unchained","Paul Frambot: Morpho’s modular architecture enables tailored lending markets, 90% of volume is stablecoin loans, and operational security is critical for DeFi risk management | Unchained Morpho's modular design limited losses to $1 million during a $300 million DeFi hack, showcasing its resilience.
The post Paul Frambot: Morpho’s modular architecture enables tailored lending markets, 90% of volume is stablecoin loans, and operational security…",2026-05-13,Crypto Briefing,https://cryptobriefing.com/paul-frambot-morphos-modular-architecture-enables-tailored-lending-markets-90-of-volume-is-stablecoin-loans-and-operational-security-is-critical-for-defi-risk-management-unchained/,Editorial Team,Bitcoin,"Paul Frambot: Morpho’s modular architecture enables tailored lending markets, 90% of volume is stablecoin loans, and operational security is critical for DeFi risk management | Unchained Paul Frambot: Morpho’s modular architecture enables tailored lending markets, 90% of volume is stablecoin loans, and operational security is critical for DeFi risk management | Unchained Morpho's modular design limited losses to $1 million during a $300 million DeFi hack, showcasing its resilience.
The post Paul Frambot: Morpho’s modular architecture enables tailored lending markets, 90% of volume is stablecoin loans, and operational security…",paul frambot morphos modular architecture enables tailored lending markets of volume is stablecoin loans and operational security is critical for defi risk management unchained paul frambot morphos modular architecture enables tailored lending markets of volume is stablecoin loans and operational security is critical for defi risk management unchained morphos modular design limited losses to million during a million defi hack showcasing its resilience the post paul frambot morphos modular architecture enables tailored lending markets of volume is stablecoin loans and operational security,paul frambot morphos modular architecture enables tailored lending market volume stablecoin loan operational security critical defi risk management unchained paul frambot morphos modular architecture enables tailored lending market volume stablecoin loan operational security critical defi risk management unchained morphos modular design limited loss million million defi hack showcasing resilience post paul frambot morphos modular architecture enables tailored lending market volume stablecoin loan operational security,0.077,0.143,0.78,-0.6369,Negative
news_31,"Ali Yahya: Crypto infrastructure supports billions of users, regulatory clarity fuels innovation, and privacy emerges as a competitive advantage | Unchained","Ali Yahya: Crypto infrastructure supports billions of users, regulatory clarity fuels innovation, and privacy emerges as a competitive advantage | Unchained Privacy emerges as the crucial competitive edge in crypto amid maturing infrastructure and regulatory clarity.
The post Ali Yahya: Crypto infrastructure supports billions of users, regulatory clarity fuels innovation, and privacy emerges as a competitive adva…",2026-05-13,Crypto Briefing,https://cryptobriefing.com/ali-yahya-crypto-infrastructure-supports-billions-of-users-regulatory-clarity-fuels-innovation-and-privacy-emerges-as-a-competitive-advantage-unchained/,Editorial Team,Bitcoin,"Ali Yahya: Crypto infrastructure supports billions of users, regulatory clarity fuels innovation, and privacy emerges as a competitive advantage | Unchained Ali Yahya: Crypto infrastructure supports billions of users, regulatory clarity fuels innovation, and privacy emerges as a competitive advantage | Unchained Privacy emerges as the crucial competitive edge in crypto amid maturing infrastructure and regulatory clarity.
The post Ali Yahya: Crypto infrastructure supports billions of users, regulatory clarity fuels innovation, and privacy emerges as a competitive adva…",ali yahya crypto infrastructure supports billions of users regulatory clarity fuels innovation and privacy emerges as a competitive advantage unchained ali yahya crypto infrastructure supports billions of users regulatory clarity fuels innovation and privacy emerges as a competitive advantage unchained privacy emerges as the crucial competitive edge in crypto amid maturing infrastructure and regulatory clarity the post ali yahya crypto infrastructure supports billions of users regulatory clarity fuels innovation and privacy emerges as a competitive adva,ali yahya crypto infrastructure support billion user regulatory clarity fuel innovation privacy emerges competitive advantage unchained ali yahya crypto infrastructure support billion user regulatory clarity fuel innovation privacy emerges competitive advantage unchained privacy emerges crucial competitive edge crypto amid maturing infrastructure regulatory clarity post ali yahya crypto infrastructure support billion user regulatory clarity fuel innovation privacy emerges competitive adva,0.381,0.0,0.619,0.9833,Positive
news_32,"Jordi Visser: Bitcoin is set to break higher, the crypto winter will be the mildest ever, and AI will disrupt traditional value storage | Bankless","Jordi Visser: Bitcoin is set to break higher, the crypto winter will be the mildest ever, and AI will disrupt traditional value storage | Bankless Bitcoin's anticipated rise amid AI-driven economic shifts positions it as a key hedge against inflation.
The post Jordi Visser: Bitcoin is set to break higher, the crypto winter will be the mildest ever, and AI will disrupt traditional value storage | Bankles…",2026-05-13,Crypto Briefing,https://cryptobriefing.com/jordi-visser-bitcoin-is-set-to-break-higher-the-crypto-winter-will-be-the-mildest-ever-and-ai-will-disrupt-traditional-value-storage-bankless/,Editorial Team,Bitcoin,"Jordi Visser: Bitcoin is set to break higher, the crypto winter will be the mildest ever, and AI will disrupt traditional value storage | Bankless Jordi Visser: Bitcoin is set to break higher, the crypto winter will be the mildest ever, and AI will disrupt traditional value storage | Bankless Bitcoin's anticipated rise amid AI-driven economic shifts positions it as a key hedge against inflation.
The post Jordi Visser: Bitcoin is set to break higher, the crypto winter will be the mildest ever, and AI will disrupt traditional value storage | Bankles…",jordi visser bitcoin is set to break higher the crypto winter will be the mildest ever and ai will disrupt traditional value storage bankless jordi visser bitcoin is set to break higher the crypto winter will be the mildest ever and ai will disrupt traditional value storage bankless bitcoins anticipated rise amid aidriven economic shifts positions it as a key hedge against inflation the post jordi visser bitcoin is set to break higher the crypto winter will be the mildest ever and ai will disrupt traditional value storage bankles,jordi visser bitcoin set break higher crypto winter mildest ever disrupt traditional value storage bankless jordi visser bitcoin set break higher crypto winter mildest ever disrupt traditional value storage bankless bitcoins anticipated rise amid aidriven economic shift position key hedge inflation post jordi visser bitcoin set break higher crypto winter mildest ever disrupt traditional value storage bankles,0.077,0.0,0.923,0.7351,Positive
news_33,The Protocol: Solana’s ‘Alpenglow’ upgrade is live for testing,"The Protocol: Solana’s ‘Alpenglow’ upgrade is live for testing Also: LayerZero apology, Ronin layer-2 transition and ‘Clear Signing’",2026-05-13,CoinDesk,https://www.coindesk.com/tech/2026/05/13/the-protocol-solana-s-alpenglow-upgrade-is-live-for-testing,Margaux Nijkerk,Bitcoin,"The Protocol: Solana’s ‘Alpenglow’ upgrade is live for testing The Protocol: Solana’s ‘Alpenglow’ upgrade is live for testing Also: LayerZero apology, Ronin layer-2 transition and ‘Clear Signing’",the protocol solanas alpenglow upgrade is live for testing the protocol solanas alpenglow upgrade is live for testing also layerzero apology ronin layer transition and clear signing,protocol solanas alpenglow upgrade live testing protocol solanas alpenglow upgrade live testing also layerzero apology ronin layer transition clear signing,0.132,0.0,0.868,0.4215,Positive
news_34,Metaplanet delays preferred share listing amid challenging Japanese market structure,Metaplanet delays preferred share listing amid challenging Japanese market structure CEO Simon Gerovich says regulatory and infrastructure challenges are slowing the launch of Metaplanet's perpetual preferred share.,2026-05-13,CoinDesk,https://www.coindesk.com/markets/2026/05/13/metaplanet-delays-preferred-share-listing-amid-challenging-japanese-market-structure,James Van Straten,Bitcoin,Metaplanet delays preferred share listing amid challenging Japanese market structure Metaplanet delays preferred share listing amid challenging Japanese market structure CEO Simon Gerovich says regulatory and infrastructure challenges are slowing the launch of Metaplanet's perpetual preferred share.,metaplanet delays preferred share listing amid challenging japanese market structure metaplanet delays preferred share listing amid challenging japanese market structure ceo simon gerovich says regulatory and infrastructure challenges are slowing the launch of metaplanets perpetual preferred share,metaplanet delay preferred share listing amid challenging japanese market structure metaplanet delay preferred share listing amid challenging japanese market structure ceo simon gerovich say regulatory infrastructure challenge slowing launch metaplanets perpetual preferred share,0.264,0.0,0.736,0.7964,Positive
news_35,How Michael Saylor's STRC Causes Mid-Month Bitcoin Rallies,How Michael Saylor's STRC Causes Mid-Month Bitcoin Rallies,2026-05-13,Yahoo Entertainment,https://consent.yahoo.com/v2/collectConsent?sessionId=1_cc-session_149218a6-8b30-4828-af8c-178762a02014,,Bitcoin,How Michael Saylor's STRC Causes Mid-Month Bitcoin Rallies How Michael Saylor's STRC Causes Mid-Month Bitcoin Rallies,how michael saylors strc causes midmonth bitcoin rallies how michael saylors strc causes midmonth bitcoin rallies,michael saylors strc cause midmonth bitcoin rally michael saylors strc cause midmonth bitcoin rally,0.0,0.0,1.0,0.0,Neutral
news_36,Bitcoin News: Why Schwab’s $12 Trillion Crypto Launch Is Bigger Than Investors Realize,Bitcoin News: Why Schwab’s $12 Trillion Crypto Launch Is Bigger Than Investors Realize,2026-05-13,Yahoo Entertainment,https://consent.yahoo.com/v2/collectConsent?sessionId=1_cc-session_19bbf8e6-102c-4443-8cbe-97beb472fe4c,,Bitcoin,Bitcoin News: Why Schwab’s $12 Trillion Crypto Launch Is Bigger Than Investors Realize Bitcoin News: Why Schwab’s $12 Trillion Crypto Launch Is Bigger Than Investors Realize,bitcoin news why schwabs trillion crypto launch is bigger than investors realize bitcoin news why schwabs trillion crypto launch is bigger than investors realize,bitcoin news schwabs trillion crypto launch bigger investor realize bitcoin news schwabs trillion crypto launch bigger investor realize,0.0,0.0,1.0,0.0,Neutral
news_37,UK parliament to probe Nigel Farage’s $6.8 million donation from crypto billionaire,"UK parliament to probe Nigel Farage’s $6.8 million donation from crypto billionaire If found guilty of violating the Parliamentary code of conduct, the Reform UK party leader could be suspended from the House of Commons.",2026-05-13,CoinDesk,https://www.coindesk.com/policy/2026/05/13/uk-parliament-to-probe-nigel-farage-s-usd6-8-million-donation-from-crypto-billionaire,Olivier Acuna,Bitcoin,"UK parliament to probe Nigel Farage’s $6.8 million donation from crypto billionaire UK parliament to probe Nigel Farage’s $6.8 million donation from crypto billionaire If found guilty of violating the Parliamentary code of conduct, the Reform UK party leader could be suspended from the House of Commons.",uk parliament to probe nigel farages million donation from crypto billionaire uk parliament to probe nigel farages million donation from crypto billionaire if found guilty of violating the parliamentary code of conduct the reform uk party leader could be suspended from the house of commons,parliament probe nigel farages million donation crypto billionaire parliament probe nigel farages million donation crypto billionaire found guilty violating parliamentary code conduct reform party leader could suspended house common,0.051,0.177,0.772,-0.7717,Negative
news_38,"Charles Schwab Begins Offering Bitcoin, Ethereum Trading to US Users","Charles Schwab Begins Offering Bitcoin, Ethereum Trading to US Users Charles Schwab started allowing select users to trade Bitcoin and Ethereum directly alongside their other investments.",2026-05-13,Decrypt,https://decrypt.co/367768/charles-schwab-begins-bitcoin-ethereum-trading-us-users,Logan Hitchcock,Bitcoin,"Charles Schwab Begins Offering Bitcoin, Ethereum Trading to US Users Charles Schwab Begins Offering Bitcoin, Ethereum Trading to US Users Charles Schwab started allowing select users to trade Bitcoin and Ethereum directly alongside their other investments.",charles schwab begins offering bitcoin ethereum trading to us users charles schwab begins offering bitcoin ethereum trading to us users charles schwab started allowing select users to trade bitcoin and ethereum directly alongside their other investments,charles schwab begin offering bitcoin ethereum trading user charles schwab begin offering bitcoin ethereum trading user charles schwab started allowing select user trade bitcoin ethereum directly alongside investment,0.0,0.0,1.0,0.0,Neutral
news_39,Eric Trump Has A Bitcoin Strategy That Could Make Michael Saylor Sweat,"Eric Trump Has A Bitcoin Strategy That Could Make Michael Saylor Sweat Eric Trump, co-founder and Chief Strategy Officer of American Bitcoin, has laid out an aggressive Bitcoin accumulation framework that positions the Trump-backed company as a direct challenger to Strategy — Michael Saylor’s industry-defining Bitcoin treasury f…",2026-05-13,Bitcoinist,https://bitcoinist.com/eric-trump-bitcoin-strategy-michael-saylor-sweat/,James Halver,Bitcoin,"Eric Trump Has A Bitcoin Strategy That Could Make Michael Saylor Sweat Eric Trump Has A Bitcoin Strategy That Could Make Michael Saylor Sweat Eric Trump, co-founder and Chief Strategy Officer of American Bitcoin, has laid out an aggressive Bitcoin accumulation framework that positions the Trump-backed company as a direct challenger to Strategy — Michael Saylor’s industry-defining Bitcoin treasury f…",eric trump has a bitcoin strategy that could make michael saylor sweat eric trump has a bitcoin strategy that could make michael saylor sweat eric trump cofounder and chief strategy officer of american bitcoin has laid out an aggressive bitcoin accumulation framework that positions the trumpbacked company as a direct challenger to strategy michael saylors industrydefining bitcoin treasury f,eric trump bitcoin strategy could make michael saylor sweat eric trump bitcoin strategy could make michael saylor sweat eric trump cofounder chief strategy officer american bitcoin laid aggressive bitcoin accumulation framework position trumpbacked company direct challenger strategy michael saylors industrydefining bitcoin treasury,0.054,0.026,0.92,0.1779,Positive
news_40,What Happens if the U.S. Defaults?,"What Happens if the U.S. Defaults? Lloyd Blankfein on the growing U.S. debt, polarization, the state of the economy, and what a United States default would look like. Plus: Trump-branded cellphones and the decline of public confidence in free enterprise.",2026-05-13,The Atlantic,https://www.theatlantic.com/podcasts/2026/05/david-frum-show-lloyd-blankefein-debt-default/687154/,David Frum,Bitcoin,"What Happens if the U.S. Defaults? What Happens if the U.S. Defaults? Lloyd Blankfein on the growing U.S. debt, polarization, the state of the economy, and what a United States default would look like. Plus: Trump-branded cellphones and the decline of public confidence in free enterprise.",what happens if the us defaults what happens if the us defaults lloyd blankfein on the growing us debt polarization the state of the economy and what a united states default would look like plus trumpbranded cellphones and the decline of public confidence in free enterprise,happens default happens default lloyd blankfein growing debt polarization state economy united state default would look like plus trumpbranded cellphone decline public confidence free enterprise,0.242,0.045,0.713,0.8779,Positive
news_41,Traders say Ethereum ready for a 'strong move' after ETH price taps $2.3K,"Traders say Ethereum ready for a 'strong move' after ETH price taps $2.3K Market analysts eye fresh Ethereum upside, fueled by JPMorgan and BlackRock tokenized fund moves plus looming CLARITY Act catalyst.",2026-05-13,Cointelegraph,https://cointelegraph.com/markets/traders-say-ethereum-ready-strong-move-eth-price-taps-2-3k,Cointelegraph by Nancy Lubale,Bitcoin,"Traders say Ethereum ready for a 'strong move' after ETH price taps $2.3K Traders say Ethereum ready for a 'strong move' after ETH price taps $2.3K Market analysts eye fresh Ethereum upside, fueled by JPMorgan and BlackRock tokenized fund moves plus looming CLARITY Act catalyst.",traders say ethereum ready for a strong move after eth price taps k traders say ethereum ready for a strong move after eth price taps k market analysts eye fresh ethereum upside fueled by jpmorgan and blackrock tokenized fund moves plus looming clarity act catalyst,trader say ethereum ready strong move eth price tap trader say ethereum ready strong move eth price tap market analyst eye fresh ethereum upside fueled jpmorgan blackrock tokenized fund move plus looming clarity act catalyst,0.296,0.027,0.677,0.9337,Positive
news_42,In the green: 70% of long-term holders are in profit as the bitcoin floor hardens,"In the green: 70% of long-term holders are in profit as the bitcoin floor hardens Bitcoin held by so-called conviction buyers has surged to nearly 4 million BTC, a roughly 300% increase since late 2025.",2026-05-13,CoinDesk,https://www.coindesk.com/markets/2026/05/13/bitcoin-s-available-supply-is-shrinking-as-long-term-hoarding-hits-record-4-million-btc,Olivier Acuna,Bitcoin,"In the green: 70% of long-term holders are in profit as the bitcoin floor hardens In the green: 70% of long-term holders are in profit as the bitcoin floor hardens Bitcoin held by so-called conviction buyers has surged to nearly 4 million BTC, a roughly 300% increase since late 2025.",in the green of longterm holders are in profit as the bitcoin floor hardens in the green of longterm holders are in profit as the bitcoin floor hardens bitcoin held by socalled conviction buyers has surged to nearly million btc a roughly increase since late,green longterm holder profit bitcoin floor hardens green longterm holder profit bitcoin floor hardens bitcoin held socalled conviction buyer surged nearly million btc roughly increase since late,0.162,0.0,0.838,0.7964,Positive
news_43,"Ledger shelves US IPO plans, weighs private fundraising: Report","Ledger shelves US IPO plans, weighs private fundraising: Report Ledger's IPO delay highlights the challenges crypto firms face in volatile markets, potentially shifting focus to private funding strategies.
The post Ledger shelves US IPO plans, weighs private fundraising: Report appeared first on Crypto Briefing.",2026-05-13,Crypto Briefing,https://cryptobriefing.com/ledger-shelves-4-billion-ipo-plans-crypto-market-sour/,Vivian Nguyen,Bitcoin,"Ledger shelves US IPO plans, weighs private fundraising: Report Ledger shelves US IPO plans, weighs private fundraising: Report Ledger's IPO delay highlights the challenges crypto firms face in volatile markets, potentially shifting focus to private funding strategies.
The post Ledger shelves US IPO plans, weighs private fundraising: Report appeared first on Crypto Briefing.",ledger shelves us ipo plans weighs private fundraising report ledger shelves us ipo plans weighs private fundraising report ledgers ipo delay highlights the challenges crypto firms face in volatile markets potentially shifting focus to private funding strategies the post ledger shelves us ipo plans weighs private fundraising report appeared first on crypto briefing,ledger shelf ipo plan weighs private fundraising report ledger shelf ipo plan weighs private fundraising report ledger ipo delay highlight challenge crypto firm face volatile market potentially shifting focus private funding strategy post ledger shelf ipo plan weighs private fundraising report appeared first crypto briefing,0.024,0.042,0.934,-0.25,Negative
news_44,Bitcoin price targets $79K as US PPI inflation hits highest since 2022,"Bitcoin price targets $79K as US PPI inflation hits highest since 2022 Bitcoin heads toward weekly lows as US PPI inflation data sees its highest levels since 2022, raising concerns of financial tightening by the Fed next.",2026-05-13,Cointelegraph,https://cointelegraph.com/markets/bitcoin-risks-80k-loss-us-ppi-inflation-hits-highest-since-2022,Cointelegraph by William Suberg,Bitcoin,"Bitcoin price targets $79K as US PPI inflation hits highest since 2022 Bitcoin price targets $79K as US PPI inflation hits highest since 2022 Bitcoin heads toward weekly lows as US PPI inflation data sees its highest levels since 2022, raising concerns of financial tightening by the Fed next.",bitcoin price targets k as us ppi inflation hits highest since bitcoin price targets k as us ppi inflation hits highest since bitcoin heads toward weekly lows as us ppi inflation data sees its highest levels since raising concerns of financial tightening by the fed next,bitcoin price target ppi inflation hit highest since bitcoin price target ppi inflation hit highest since bitcoin head toward weekly low ppi inflation data see highest level since raising concern financial tightening fed next,0.0,0.038,0.962,-0.2023,Negative
news_45,"CLARITY Act faces 100+ amendments as bankers send 8,000 demand letters against stablecoin rewards","CLARITY Act faces 100+ amendments as bankers send 8,000 demand letters against stablecoin rewards The Senate Banking Committee’s crypto market structure bill is heading into CLARITY Act markup with more than 100 proposed amendments. This is turning a long-delayed vote on the CLARITY Act into a test of whether a fragile stablecoin compromise can survive pr…",2026-05-13,CryptoSlate,https://cryptoslate.com/clarity-act-faces-100-amendment-demands-as-bankers-send-8000-letters-against-stablecoin-rewards/,Oluwapelumi Adejumo,Bitcoin,"CLARITY Act faces 100+ amendments as bankers send 8,000 demand letters against stablecoin rewards CLARITY Act faces 100+ amendments as bankers send 8,000 demand letters against stablecoin rewards The Senate Banking Committee’s crypto market structure bill is heading into CLARITY Act markup with more than 100 proposed amendments. This is turning a long-delayed vote on the CLARITY Act into a test of whether a fragile stablecoin compromise can survive pr…",clarity act faces amendments as bankers send demand letters against stablecoin rewards clarity act faces amendments as bankers send demand letters against stablecoin rewards the senate banking committees crypto market structure bill is heading into clarity act markup with more than proposed amendments this is turning a longdelayed vote on the clarity act into a test of whether a fragile stablecoin compromise can survive pr,clarity act face amendment banker send demand letter stablecoin reward clarity act face amendment banker send demand letter stablecoin reward senate banking committee crypto market structure bill heading clarity act markup proposed amendment turning longdelayed vote clarity act test whether fragile stablecoin compromise survive,0.221,0.039,0.74,0.9325,Positive
news_46,"Altcoin Momentum Builds Up; Ether, Solana, XRP, and BNB to go Head to Head with Other Altcoins‬","Altcoin Momentum Builds Up; Ether, Solana, XRP, and BNB to go Head to Head with Other Altcoins‬ Trading activity in altcoins outside the top tier is gaining momentum, with short-term volume surpassing long-term averages.",2026-05-13,ZyCrypto,https://zycrypto.com/altcoin-momentum-builds-up-ether-solana-xrp-and-bnb-to-go-head-to-head-with-other-altcoins/,Olivia Brooke,Bitcoin,"Altcoin Momentum Builds Up; Ether, Solana, XRP, and BNB to go Head to Head with Other Altcoins‬ Altcoin Momentum Builds Up; Ether, Solana, XRP, and BNB to go Head to Head with Other Altcoins‬ Trading activity in altcoins outside the top tier is gaining momentum, with short-term volume surpassing long-term averages.",altcoin momentum builds up ether solana xrp and bnb to go head to head with other altcoins altcoin momentum builds up ether solana xrp and bnb to go head to head with other altcoins trading activity in altcoins outside the top tier is gaining momentum with shortterm volume surpassing longterm averages,altcoin momentum build ether solana xrp bnb head head altcoins altcoin momentum build ether solana xrp bnb head head altcoins trading activity altcoins outside top tier gaining momentum shortterm volume surpassing longterm average,0.086,0.0,0.914,0.5574,Positive
news_47,Crypto Long & Short: Bitcoin vs. gold: 26% relative undervaluation,"Crypto Long & Short: Bitcoin vs. gold: 26% relative undervaluation In this week’s Crypto Long & Short Newsletter, Dovile Silenskyte provides an alternative to the “bitcoin as a risk asset” narrative. Then, Joshua de Vos shares insights and analysis on global exchanges.",2026-05-13,CoinDesk,https://www.coindesk.com/coindesk-indices/2026/05/13/crypto-long-and-short-bitcoin-vs-gold-26-relative-undervaluation,"Dovile Silenskyte, Joshua de Vos, Francisco Rodrigues",Bitcoin,"Crypto Long & Short: Bitcoin vs. gold: 26% relative undervaluation Crypto Long & Short: Bitcoin vs. gold: 26% relative undervaluation In this week’s Crypto Long & Short Newsletter, Dovile Silenskyte provides an alternative to the “bitcoin as a risk asset” narrative. Then, Joshua de Vos shares insights and analysis on global exchanges.",crypto long short bitcoin vs gold relative undervaluation crypto long short bitcoin vs gold relative undervaluation in this weeks crypto long short newsletter dovile silenskyte provides an alternative to the bitcoin as a risk asset narrative then joshua de vos shares insights and analysis on global exchanges,crypto long short bitcoin gold relative undervaluation crypto long short bitcoin gold relative undervaluation week crypto long short newsletter dovile silenskyte provides alternative bitcoin risk asset narrative joshua vos share insight analysis global exchange,0.093,0.041,0.866,0.3818,Positive
news_48,Hot producer prices torch rate cut hopes and drag crypto lower,"Hot producer prices torch rate cut hopes and drag crypto lower Rising producer prices shift market expectations, potentially delaying rate cuts and impacting crypto's reliance on loose monetary policy.
The post Hot producer prices torch rate cut hopes and drag crypto lower appeared first on Crypto Briefing.",2026-05-13,Crypto Briefing,https://cryptobriefing.com/hot-ppi-torches-rate-cut-hopes-crypto/,Estefano Gomez,Bitcoin,"Hot producer prices torch rate cut hopes and drag crypto lower Hot producer prices torch rate cut hopes and drag crypto lower Rising producer prices shift market expectations, potentially delaying rate cuts and impacting crypto's reliance on loose monetary policy.
The post Hot producer prices torch rate cut hopes and drag crypto lower appeared first on Crypto Briefing.",hot producer prices torch rate cut hopes and drag crypto lower hot producer prices torch rate cut hopes and drag crypto lower rising producer prices shift market expectations potentially delaying rate cuts and impacting cryptos reliance on loose monetary policy the post hot producer prices torch rate cut hopes and drag crypto lower appeared first on crypto briefing,hot producer price torch rate cut hope drag crypto lower hot producer price torch rate cut hope drag crypto lower rising producer price shift market expectation potentially delaying rate cut impacting cryptos reliance loose monetary policy post hot producer price torch rate cut hope drag crypto lower appeared first crypto briefing,0.111,0.306,0.583,-0.8658,Negative
news_49,"Trump embarks on first US state visit to China since 2017, and crypto markets are watching closely","Trump embarks on first US state visit to China since 2017, and crypto markets are watching closely Trump's visit to China could reshape tech and crypto markets, as geopolitical dynamics influence supply chains and digital asset flows.
The post Trump embarks on first US state visit to China since 2017, and crypto markets are watching closely appeared first …",2026-05-13,Crypto Briefing,https://cryptobriefing.com/trump-china-state-visit-crypto-impact/,Estefano Gomez,Bitcoin,"Trump embarks on first US state visit to China since 2017, and crypto markets are watching closely Trump embarks on first US state visit to China since 2017, and crypto markets are watching closely Trump's visit to China could reshape tech and crypto markets, as geopolitical dynamics influence supply chains and digital asset flows.
The post Trump embarks on first US state visit to China since 2017, and crypto markets are watching closely appeared first …",trump embarks on first us state visit to china since and crypto markets are watching closely trump embarks on first us state visit to china since and crypto markets are watching closely trumps visit to china could reshape tech and crypto markets as geopolitical dynamics influence supply chains and digital asset flows the post trump embarks on first us state visit to china since and crypto markets are watching closely appeared first,trump embarks first state visit china since crypto market watching closely trump embarks first state visit china since crypto market watching closely trump visit china could reshape tech crypto market geopolitical dynamic influence supply chain digital asset flow post trump embarks first state visit china since crypto market watching closely appeared first,0.062,0.0,0.938,0.5574,Positive
